<?xml version='1.0' encoding='UTF-8' ?>
<timeLogEntries>
  <time id="1" path="/Non Project/PSP Fundamentals &amp; Advanced/Program 1/Planning" start="@1486330738147" delta="46" />
  <time id="2" path="/Non Project/PSP Fundamentals &amp; Advanced/Program 1/Design" start="@1486333499345" delta="26" />
  <time id="3" path="/Non Project/PSP Fundamentals &amp; Advanced/Program 1/Code" start="@1486335072682" delta="61" interrupt="9" />
  <time id="4" path="/Non Project/PSP Fundamentals &amp; Advanced/Program 1/Code" start="@1486339982343" delta="34" />
  <time id="5" path="/Non Project/PSP Fundamentals &amp; Advanced/Program 1/Code" start="@1486344600336" delta="93" />
  <time id="6" path="/Non Project/PSP Fundamentals &amp; Advanced/Program 1/Code" start="@1486402090904" delta="79" />
  <time id="7" path="/Non Project/PSP Fundamentals &amp; Advanced/Program 1/Compile" start="@1486406851417" delta="4" />
  <time id="8" path="/Non Project/PSP Fundamentals &amp; Advanced/Program 1/Compile" start="@1486410214916" delta="23" />
  <time id="9" path="/Non Project/PSP Fundamentals &amp; Advanced/Program 1/Test" start="@1486411601565" delta="11" />
  <time id="10" path="/Non Project/PSP Fundamentals &amp; Advanced/Program 1/Postmortem" start="@1486412241078" delta="11" />
  <time id="11" path="/Non Project/PSP Fundamentals &amp; Advanced/Program 2/Planning" start="@1487634225506" delta="83" />
  <time id="12" path="/Non Project/PSP Fundamentals &amp; Advanced/Program 2/Design" start="@1487639216625" delta="38" />
  <time id="13" path="/Non Project/PSP Fundamentals &amp; Advanced/Program 2/Code" start="@1487641521035" delta="124" interrupt="65" />
  <time id="14" path="/Non Project/PSP Fundamentals &amp; Advanced/Program 2/Code" start="@1487654956914" delta="17" />
  <time id="15" path="/Non Project/PSP Fundamentals &amp; Advanced/Program 2/Code" start="@1487777658344" delta="68" />
  <time id="16" path="/Non Project/PSP Fundamentals &amp; Advanced/Program 2/Compile" start="@1487781730955" delta="4" />
  <time id="17" path="/Non Project/PSP Fundamentals &amp; Advanced/Program 2/Test" start="@1487781975545" delta="52" />
  <time id="18" path="/Non Project/PSP Fundamentals &amp; Advanced/Program 2/Test" start="@1487790375110" delta="50" />
  <time id="19" path="/Non Project/PSP Fundamentals &amp; Advanced/Program 2/Postmortem" start="@1487796617226" delta="21" />
</timeLogEntries>
